message_id,response_id,rating,,
dtmup0t,dtmux7q,0,,
dtmup0t,dtmw1df,2,,
dtmup0t,dtmwicp  ,-1,,
dtmup0t,dtmwig1 ,0,,
dtmup0t,dtmwm39 ,1,,
dtmup0t,dtmwo35 ,1,,
dtmup0t,dtmwq3b ,0,,
dtmup0t,dtmwslh ,-1,,
dtmup0t,dtmwwl8 ,0,,
dtmup0t,dtmx07e ,1,,
dtmup0t,dtmx2j4 ,0,,
dtmup0t,dtmxb0i ,1,,
dtmup0t,dtmxbqo,1,,
dtmup0t,dtmxbsq,0,,
dtmup0t,dtmxfe9 ,1,,
dtmup0t,dtmxgze ,1,,
dtmup0t,dtmxhd9,0,,
dtmup0t,dtmxonr ,-2,,
dtmup0t,dtmxsjs ,-1,,
dtmup0t,dtmxsld ,1,,
dtmup0t,dtmxwm9 ,1,,
dtmup0t,dtmy4k6 ,1,,
dtmup0t,dtmyoik ,1,,
dtmup0t,dtmz77c ,0,,
dtmup0t,dtmz7i6 ,0,,
dtmup0t,dtmzbp2 ,0,,
dtmup0t,dtn049b ,1,,
dtmup0t,dtn0hrx ,0,,
dtmup0t,dtn0xmi ,0,,
dtmup0t,dtn13ih ,0,,
dtmup0t,dtn1bsb ,1,,
dtmup0t,dtn1f9u ,1,,
dtmup0t,dtn2t1y ,0,,
dtmup0t,dtn34ny,0,,
dtmup0t,dtn3u95 ,0,,
dtmup0t,dtn3zm8 ,1,,
dtmup0t,dtn4wox ,1,,
dtmup0t,dtn50vx ,0,,
dtmup0t,dtn5kw5 ,0,,
dtmup0t,dtn5p9b ,0,,
dtmup0t,dtn5y6o ,0,,
dtmup0t,dtn6n3t ,1,,
dtmup0t,dtn6p4c ,0,,
dtmup0t,dtn6to9 ,1,,
dtmup0t,dtn6zd9 ,1,,
dtmup0t,dtn715e,1,,
dtmup0t,dtn72rh ,1,,
dtmup0t,dtn76ma ,1,,
dtmup0t,dtn792y ,1,,
dtmup0t,dtn88ya ,0,,
dtke8yk,dtkemao ,1,,
dtke8yk,dtki3xg ,2,,
dtke8yk,dtkichv ,0,,
dtke8yk,dtkkisx ,-1,,
dtke8yk,dtkkkib ,0,,
dtke8yk,dtklcvb ,1,,
dtke8yk,dtkljv1 ,1,,
dtke8yk,dtklkv2 ,1,,
dtke8yk,dtkm6kj ,0,,
dtke8yk,dtkmb7p ,0,,
dtke8yk,dtkmgdx ,2,,
dtke8yk,dtkmqxh ,2,,
dtke8yk,dtkn163 ,1,,
dtke8yk,dtkn18o ,1,,
dtke8yk,dtknpt5 ,1,,
dtke8yk,dtknq38 ,1,,
dtke8yk,dtknvmo ,1,,
dtke8yk,dtko0ew ,2,,
dtke8yk,dtko7e8 ,0,,
dtke8yk,dtkols1 ,0,,
dtke8yk,dtl8vrv ,1,,
dtke8yk,dub8yzz,0,,
dtke8yk,dtkmf9y,1,,
dtke8yk,dtkminj,1,,
dtke8yk,dtkmuib,1,,
dtke8yk,dtkn72o,1,,
dtke8yk,dtkngw7,0,,
dtke8yk,dtknxcn,1,,
dtke8yk,dtkodx6,1,,
dtke8yk,dtki3xg,1,,
dtke8yk,dtkncf1,0,,
dtke8yk,dtkm1h4,0,,
dtke8yk,dtkoewu,0,,
dtke8yk,dtkopql,0,,
dtke8yk,dtklmlt,1,,
dtke8yk,dtko01p,0,,
dtke8yk,dtkn64f,1,,
dtke8yk,dtkn94j,1,,
dtke8yk,dtknm7h,1,,
dtke8yk,dtknj26,1,,
dtke8yk,dtknxnb,1,,
dtke8yk,dtkmuw2,1,,
dtke8yk,dtkn8mv,0,,
dtke8yk,dtlagqo,-2,,
dtke8yk,dtkmuw2,1,,
dtke8yk,dtkn8mv,1,,
dtke8yk,dtkmzhn,-1,,
dtke8yk,dtkm2yy,1,,
dtke8yk,dtl9946,1,,
dtkkch8,dtkobso   ,1,,
dtkkch8,dtkoq4a   ,1,,
dtkkch8,dtkovmf   ,1,,
dtkkch8,dtkoziv   ,0,,
dtkkch8,dtkp7c5   ,2,,
dtkkch8,dtkp8xl ,-1,,
dtkkch8,dtkpcqe,0,,
dtkkch8,dtkptzm,1,,
dtkkch8,dtkqagv,-2,,
dtkkch8,dtkqffo,0,,
dtkkch8,dtkrjjk,1,,
dtkkch8,dtks4v8,0,,
dtkkch8,dtks51n,1,,
dtkkch8,dtksox7,0,,
dtkkch8,dtktees,1,,
dtkkch8,dtkts69,2,,
dtkkch8,dtkvoq8,1,,
dtkkch8,dtkx186,2,,
dtkkch8,dtkx884,1,,
dtkkch8,dtkzjg6,0,,
dtkkch8,dtkzjq3,1,,
dtkkch8,dtkzned,0,,
dtkkch8,dtkzvoh,1,,
dtkkch8,dtl16d2,-1,,
dtkkch8,dtl18jw,1,,
dtkkch8,dtl1b1z,1,,
dtkkch8,dtl1d24,1,,
dtkkch8,dtl1p8q,1,,
dtkkch8,dtl20qq,2,,
dtkkch8,dtl24sl,1,,
dtkkch8,dtl27sg,1,,
dtkkch8,dtl2tp2,0,,
dtkkch8,dtl2uaf,1,,
dtkkch8,dtl2ur2,-1,,
dtkkch8,dtl35tz,0,,
dtkkch8,dtl399p,1,,
dtkkch8,dtl3fuz,1,,
dtkkch8,dtl3kc3,1,,
dtkkch8,dtl48y6,1,,
dtkkch8,dtl4jt2,0,,
dtkkch8,dtl5b82,1,,
dtkkch8,dtl5yzu,2,,
dtkkch8,dtl6n98,1,,
dtkkch8,dtl89nr,0,,
dtkkch8,dtl5z5b,1,,
dtkkch8,dtl7ldz,0,,
dtkkch8,dtlc3y7,2,,
dtkkch8,dtldu7h,1,,
dtkkch8,dtlec6e,1,,
dtkkch8,dtlj7ao,0,,
dtkjb37,dtkk3ya ,0,,
dtkjb37,dtkk5wl ,1,,
dtkjb37,dtklpfg ,1,,
dtkjb37,dtkm7n7 ,1,,
dtkjb37,dtknb0x ,1,,
dtkjb37,dtkpcs4,1,,
dtkjb37,dtkpp6r,1,,
dtkjb37,dtl1yj5,1,,
dtkjb37,dtl4f4j,1,,
dtkjb37,dtl50lt,0,,
dtkjb37,dtla8sy,1,,
dtkjb37,dtld80j,0,,
dtkjb37,dtlix7b,0,,
dtkjb37,dtlo1o8,0,,
dtkjb37,dtlob0b,-1,,
dtkjb37,dtlpqyo,-1,,
dtkjb37,dtlpu2y,1,,
dtkjb37,dtlqz3u,1,,
dtkjb37,dtm064e,1,,
dtkjb37,dtm1do8,1,,
dtkjb37,dtm2i42,0,,
dtkjb37,dtm5qos,1,,
dtkjb37,dtlckpu,0,,
dtkjb37,    dtm6qyi,-1,,
dtkjb37,    dtpnlfx,1,,
dtkjb37,    dtq8p1l,1,,
dtkjb37,    dtpoc87,1,,
dtkjb37,    dtpr2wb,1,,
dtkjb37,dtqkd3x,-1,,
dtkjb37,    dtpzqfi,0,,
dtkjb37,    dtq0cbt,1,,
dtkjb37,    dtq14nv,1,,
dtkjb37,    dtq2zl6,1,,
dtkjb37,    dtq7sg6,1,,
dtkjb37,    dts2kke,0,,
dtkjb37,    dtuqks1,1,,
dtkjb37,    dtvgjvf,1,,
dtkjb37,    du1gzw9,1,,
dtkjb37,    du5rueg,1,,
dtkjb37,    du7yj86,2,,
dtkjb37,    du86fd9,2,,
dtkjb37,    du93i5m,0,,
dtkjb37,    du98u5d,0,,
dtkjb37,    dudf55z,0,,
dtkjb37,    dud5j6d,0,,
dtkjb37,    duhmfb7,-1,,
dtkjb37,    duhn059,-2,,
dtkjb37,    dumcv0q,0,,
dtkjb37,    duo5ony,0,,
dtkjb37,    dur2usy,1,,
dtltiq4,dtltvjy,1,,
dtltiq4,dtlwqug,0,,
dtltiq4,dtlwrhj,0,,
dtltiq4,dtlwwa2,1,,
dtltiq4,dtlx595,1,,
dtltiq4,dtlx8ny,1,,
dtltiq4,dtly35s,2,,
dtltiq4,dtlyluv,2,,
dtltiq4,dtlyyqt,1,,
dtltiq4,dtlz5i4,0,,
dtltiq4,dtlzbka,-1,,
dtltiq4,dtlzj6b,-2,,
dtltiq4,dtm0pjy,-1,,
dtltiq4,dtm11s4,1,,
dtltiq4,dtm1cxb,2,,
dtltiq4,dtm2ije,1,,
dtltiq4,dtm377d,1,,
dtltiq4,dtm3nmi,0,,
dtltiq4,dtm4i09,1,,
dtltiq4,dtm4pqy,1,,
dtltiq4,dtm6i1k,1,,
dtltiq4,dtm78r2,1,,
dtltiq4,dtm89m1,1,,
dtltiq4,dtm8qal,0,,
dtltiq4,dtmb9js,1,,
dtltiq4,dtmeitz,1,,
dtltiq4,dtmkaan,2,,
dtltiq4,du9jpgo,-1,,
dtltiq4,due0qx3,-2,,
dtltiq4,duvh8x8,-1,,
dtltiq4,duve2zu,-1,,
dtltiq4,dtvuzuw,-2,,
dtltiq4,dtkpprz,0,,
dtltiq4,dtkpugi,0,,
dtltiq4,dtli5km,0,,
dtltiq4,dtm0nx3,0,,
dtltiq4,dtlw5xy,0,,
dtltiq4,dtlohqx,0,,
dtltiq4,dtlmskl,-1,,
dtltiq4,dtlmskl,1,,
dtltiq4,dtlmskl,1,,
dtltiq4,dtlmskl,-1,,
dtltiq4,dtlmskl,-1,,
dtltiq4,dtlmskl,0,,
dtltiq4,dtlxjcf,0,,
dtltiq4,dtly3k9,-1,,
dtltiq4,dtly3k9,-2,,
dtltiq4,dtly3k9,-1,,
dtltiq4,dtm1wfy,-1,,
dtltiq4,dtm1wfy,0,,
dtny235,dtnyezv,1,,
dtny235,dtnzznr,0,,
dtny235,dto0uxs,2,,
dtny235,dto1uib,2,,
dtny235,dto31dc,2,,
dtny235,dto35bv,2,,
dtny235,dto3p7w,2,,
dtny235,dto4216,2,,
dtny235,dto4ggi,2,,
dtny235,dto4j6f,2,,
dtny235,dto53xy,2,,
dtny235,dto5fow,1,,
dtny235,dto6d50,2,,
dtny235,dto73us,1,,
dtny235,dto74g6,2,,
dtny235,dto7lim,2,,
dtny235,dto7qnx,2,,
dtny235,dto7vbk,0,,
dtny235,dto8vsu,2,,
dtny235,dto8vsw,2,,
dtny235,dto92ym,1,,
dtny235,dto9fb5,-1,,
dtny235,dto9ia0,2,,
dtny235,dto9o78,0,,
dtny235,dto9qtk,1,,
dtny235,dto9ww6,2,,
dtny235,dto9zdh,2,,
dtny235,dtoa9qe,2,,
dtny235,dtoag03,2,,
dtny235,dtoajsw,-1,,
dtny235,dtoamuy,-2,,
dtny235,dtoavd0,2,,
dtny235,dtoazld,2,,
dtny235,dtob322,2,,
dtny235,dtobaa4,1,,
dtny235,dtobb22,2,,
dtny235,dtobd1k,2,,
dtny235,dtobmty,2,,
dtny235,dtochym,1,,
dtny235,dtocoe3,1,,
dtny235,dtoczh8,2,,
dtny235,dtod09g,1,,
dtny235,dtodjkg,0,,
dtny235,dtodk3d,2,,
dtny235,dtoe1q0,2,,
dtny235,dtofemx,1,,
dtny235,dtofhw9,2,,
dtny235,dtogevl,2,,
dtny235,dtojk0t,2,,
dtny235,dtomuzv,2,,
dtmvxi1,dtmw5mi,1,,
dtmvxi1,dtmyil3,2,,
dtmvxi1,dtn6x2p,1,,
dtmvxi1,dtnan41,1,,
dtmvxi1,dtnb0h8,0,,
dtmvxi1,dtnbk7v,0,,
dtmvxi1,dtnbtym,0,,
dtmvxi1,dtndlnw,1,,
dtmvxi1,dtned4c,1,,
dtmvxi1,dtnga6g,1,,
dtmvxi1,dtngl9u,1,,
dtmvxi1,dtngxl5,1,,
dtmvxi1,dtnh0uk,0,,
dtmvxi1,dtnh3fg,1,,
dtmvxi1,dtnh851,1,,
dtmvxi1,dtnhdd1,0,,
dtmvxi1,dtnhe8y,0,,
dtmvxi1,dtnhp6s,2,,
dtmvxi1,dtniebw,1,,
dtmvxi1,dtnjmpq,2,,
dtmvxi1,dtnkdmn,0,,
dtmvxi1,dtnkz5d,1,,
dtmvxi1,dtnlbsb,1,,
dtmvxi1,dtnolim,1,,
dtmvxi1,dtnrki9,1,,
dtmvxi1,dto5of5,0,,
dtmvxi1,dtobv8x,-1,,
dtmvxi1,dtn0lrd,-1,,
dtmvxi1,dtmuqfh,-1,,
dtmvxi1,dtn78h8,0,,
dtmvxi1,dtndfts,-1,,
dtmvxi1,dtnigp5,0,,
dtmvxi1,dtnjagb,0,,
dtmvxi1,dtngc6l,0,,
dtmvxi1,dtnhoas,0,,
dtmvxi1,dtnyqn8,0,,
dtmvxi1,dtnjysl,0,,
dtmvxi1,dtncw12,1,,
dtmvxi1,dtndi4f,1,,
dtmvxi1,dtndxk6,1,,
dtmvxi1,dtng7jv,1,,
dtmvxi1,dtngk8p,1,,
dtmvxi1,dtnhjlg,1,,
dtmvxi1,dtnhkhh,0,,
dtmvxi1,dtnhsku,0,,
dtmvxi1,dtnkram,1,,
dtmvxi1,dto2fk0,0,,
dtmvxi1,dtnyy58,1,,
dtmvxi1,dtns2gh,0,,
dtmvxi1,dtnlpas,0,,
dtncx72,dtndwr8 ,1,,
dtncx72,dtnh46d ,-1,,
dtncx72,dtnjj1q ,-2,,
dtncx72,dtnkccv ,-1,,
dtncx72,dtnln0d ,1,,
dtncx72,dtno97k ,0,,
dtncx72,dtnohcr ,1,,
dtncx72,dtnp7xj ,1,,
dtncx72,dtnpypp ,1,,
dtncx72,dtnq0ei ,1,,
dtncx72,dtnqtks ,0,,
dtncx72,dtnr8nb ,1,,
dtncx72,dtnr8z9 ,1,,
dtncx72,dtnrg33 ,-1,,
dtncx72,dtnsq21 ,-1,,
dtncx72,dtnsvi1 ,1,,
dtncx72,dtntqqa ,0,,
dtncx72,dtnv7g6 ,0,,
dtncx72,dtnw8rw ,1,,
dtncx72,dtnwgky ,-2,,
dtncx72,dtnx7n3 ,-2,,
dtncx72,dtnyb5y ,-1,,
dtncx72,dto0u24 ,0,,
dtncx72,dto26a7 ,2,,
dtncx72,dto3hhp ,0,,
dtncx72,dtpnenx ,-1,,
dtncx72,dtnfq8z,0,,
dtncx72,dtngx1n,1,,
dtncx72,dtnjnpi,0,,
dtncx72,dtnh19z,1,,
dtncx72,dtnriaq,1,,
dtncx72,dtsfimf,1,,
dtncx72,dtsg2c7,1,,
dtncx72,dtsfjf8,1,,
dtncx72,dtvspsd,0,,
dtncx72,dtya7km,1,,
dtncx72,dtvspsd,0,,
dtncx72,dtsitnn,-1,,
dtncx72,dtsisnf,-1,,
dtncx72,dtsio8j,-1,,
dtncx72,dtsiazm,-1,,
dtncx72,dtsh7v9,1,,
dtncx72,dtsh6br,0,,
dtncx72,dtseqp9,0,,
dtncx72,dtsgdsw,0,,
dtncx72,dtsiqvg,0,,
dtncx72,dtsit55,0,,
dtncx72,dtsfk29,-1,,
dtncx72,dtsglsx,0,,
dtncx72,dtsgirx,-2,,
dtldxvm,dtlhwhz,1,,
dtldxvm,dtlke9l,-1,,
dtldxvm,dtlp95s,1,,
dtldxvm,dtlq4kb,0,,
dtldxvm,dtlr2tb,0,,
dtldxvm,dtlw8n4,1,,
dtldxvm,dtlzh52,0,,
dtldxvm,dtm0wbi,2,,
dtldxvm,dtm1jc4,1,,
dtldxvm,dtm1mgb,1,,
dtldxvm,dtm2h8h,1,,
dtldxvm,dtm312v,1,,
dtldxvm,dtm3yjk,1,,
dtldxvm,dtm3z1k,0,,
dtldxvm,dtm6v1h,0,,
dtldxvm,dtm6w1y,1,,
dtldxvm,dtm6w97,1,,
dtldxvm,dtm79gn,0,,
dtldxvm,dtm7b9b,1,,
dtldxvm,dtm82k8,1,,
dtldxvm,dtm9olx,2,,
dtldxvm,dtmbwpk,0,,
dtldxvm,dtmc3rd,0,,
dtldxvm,dtmd2uh,-1,,
dtldxvm,dtmdocl,1,,
dtldxvm,dtmdvgs,1,,
dtldxvm,dtmf0ju,1,,
dtldxvm,dtmf3o1,0,,
dtldxvm,dtmf5mg,1,,
dtldxvm,dtmg5eh,1,,
dtldxvm,dtmgg94,1,,
dtldxvm,dtmgrc0,1,,
dtldxvm,dtmix54,1,,
dtldxvm,dtml7pp,-1,,
dtldxvm,dtml9u1,1,,
dtldxvm,dtmlxt9,1,,
dtldxvm,dtmmd1w,1,,
dtldxvm,dtmn37f,1,,
dtldxvm,dtmn84a,2,,
dtldxvm,dtmyno9,1,,
dtldxvm,dtqzzvu,0,,
dtldxvm,dtlojvc,-1,,
dtldxvm,dtlqwrl,0,,
dtldxvm,dtmouc2,1,,
dtldxvm,dtnevyv,0,,
dtldxvm,dtm2a77,0,,
dtldxvm,dtltne9,-1,,
dtldxvm,dtmouc2,1,,
dtldxvm,dtm09qu,0,,
dtldxvm,dtmozfq,0,,
dtnkve4,dtnvv80,1,,
dtnkve4,dtnw3i9,1,,
dtnkve4,dtnyg9c,0,,
dtnkve4,dtnzquc,1,,
dtnkve4,dto0jqw,1,,
dtnkve4,dto0kdi,1,,
dtnkve4,dto0umy,2,,
dtnkve4,dto16m1,1,,
dtnkve4,dto1kd2,1,,
dtnkve4,dto1lbj,0,,
dtnkve4,dto1m4i,1,,
dtnkve4,dto1r2u,1,,
dtnkve4,dto21ch,0,,
dtnkve4,dto28p6,1,,
dtnkve4,dto2fv5,1,,
dtnkve4,dto2j2v,1,,
dtnkve4,dto2mn6,0,,
dtnkve4,dto348w,1,,
dtnkve4,dto3bc2,0,,
dtnkve4,dto3y1z,-1,,
dtnkve4,dto45hd,1,,
dtnkve4,dto5900,1,,
dtnkve4,dto7p0w,0,,
dtnkve4,dtojak0,1,,
dtnkve4,dtowfes,1,,
dtnkve4,dtnxbzi,-2,,
dtnkve4,dtnxr90,-1,,
dtnkve4,dtnz24m,-1,,
dtnkve4,dtnz4h3,0,,
dtnkve4,dto1bs9,0,,
dtnkve4,dto6u6f,1,,
dtnkve4,dto8zk1,1,,
dtnkve4,dtomljt,1,,
dtnkve4,dtnykrv,0,,
dtnkve4,dto11hp,0,,
dtnkve4,dto3sm1,1,,
dtnkve4,dto00od,0,,
dtnkve4,dto53vw,0,,
dtnkve4,dto5xyz,1,,
dtnkve4,dto2y1j,1,,
dtnkve4,dto4xvp,0,,
dtnkve4,dto4ie0,-1,,
dtnkve4,dtrvfzu,0,,
dtnkve4,dtnv058,0,,
dtnkve4,dtnznqr,0,,
dtnkve4,dtp2kcr,0,,
dtnkve4,dtntkno,0,,
dtnkve4,dtou6nj,-2,,
dtnkve4,dtnxd4b,-2,,
dtnkve4,dtnsadc,0,,
dtpj9lz,dtplecz,0,,
dtpj9lz,    dtpoet0,1,,
dtpj9lz,    dtpp298,1,,
dtpj9lz,    dtppn20,1,,
dtpj9lz,    dtpqa3e,1,,
dtpj9lz,    dtpqem3,1,,
dtpj9lz,    dtpqu10,1,,
dtpj9lz,    dtpqwej,2,,
dtpj9lz,    dtprbjx,2,,
dtpj9lz,    dtprbzo,1,,
dtpj9lz,    dtprmcp,1,,
dtpj9lz,    dtprpay,1,,
dtpj9lz,    dtps0y3,1,,
dtpj9lz,    dtps753,1,,
dtpj9lz,    dtps8wj,1,,
dtpj9lz,    dtpsq4o,1,,
dtpj9lz,    dtpu5cs,1,,
dtpj9lz,    dtpv52v,1,,
dtpj9lz,    dtpwbb4,1,,
dtpj9lz,    dtpwp2g,1,,
dtpj9lz,    dtpxa2o,1,,
dtpj9lz,    dtpy1rv,1,,
dtpj9lz,    dtpzbd8,1,,
dtpj9lz,    dtq59x1,1,,
dtpj9lz,    dtqaocq,1,,
dtpj9lz,    dtqclo9,1,,
dtpj9lz,    dtqm5o8,1,,
dtpj9lz,    dtqq6kd,1,,
dtpj9lz,dtprfua,0,,
dtpj9lz,dtps8xg,-1,,
dtpj9lz,dtppnqo,0,,
dtpj9lz,dtpqcvj,0,,
dtpj9lz,dtpqeyy,1,,
dtpj9lz,dtpqdl4,0,,
dtpj9lz,dtpqo5x,0,,
dtpj9lz,dtpqr6n,1,,
dtpj9lz,dtpv4nh,0,,
dtpj9lz,dtptany,0,,
dtpj9lz,dtpt5qc,0,,
dtpj9lz,dtpslie,0,,
dtpj9lz,dtpse1q,0,,
dtpj9lz,dtpsa6x,-1,,
dtpj9lz,dtprix4,1,,
dtpj9lz,dtprhuc,0,,
dtpj9lz,dtpr7pa,-1,,
dtpj9lz,dtpnz9j,0,,
dtpj9lz,dtpmw76,1,,
dtpj9lz,dtpqe18,0,,
dtpj9lz,dtq3nm6,0,,
dtpj9lz,dtpmf2t,0,,
dtpj9lz,dtpmp5p,0,,
dtplycm,dtplzqt,1,,
dtplycm,dtpnbdq,1,,
dtplycm,dtpnrbh,1,,
dtplycm,dtpnzqi,1,,
dtplycm,dtpp802,0,,
dtplycm,"dtpq4y3	",0,,
dtplycm,dtpq727,0,,
dtplycm,dtpq812,1,,
dtplycm,dtpu77p,1,,
dtplycm,dtpu9my,1,,
dtplycm,dtpug7z,0,,
dtplycm,dtpus7f,-1,,
dtplycm,dtpv53p,1,,
dtplycm,dtpvbzx,0,,
dtplycm,dtpvng5,1,,
dtplycm,dtpvt22,1,,
dtplycm,dtpw6ow,0,,
dtplycm,dtpw82g,1,,
dtplycm,dtpwq6f,0,,
dtplycm,dtpxhu1,1,,
dtplycm,dtpy6c3,1,,
dtplycm,dtq0086,0,,
dtplycm,dtq1rmb,0,,
dtplycm,dtq3pmi,1,,
dtplycm,dtq45km,1,,
dtplycm,dtq55v4,1,,
dtplycm,dtq7wen,1,,
dtplycm,dtq803s,0,,
dtplycm,dtq8a0u,1,,
dtplycm,dtq94j8,0,,
dtplycm,dtqa91v,1,,
dtplycm,dtqcywl,1,,
dtplycm,dtqh35y,0,,
dtplycm,dtqkkdv,1,,
dtplycm,dtr1eqv,1,,
dtplycm,dtr4dvm,0,,
dtplycm,dtpwxbt,-1,,
dtplycm,dtq1ouq,-1,,
dtplycm,dtq2ezj,-2,,
dtplycm,dtpmwq5,0,,
dtplycm,dtpxv5t,-1,,
dtplycm,dtpm5ux,1,,
dtplycm,dtpqhix,0,,
dtplycm,dtposlb,0,,
dtplycm,dtpx6s7,-1,,
dtplycm,dtplyy1,-2,,
dtplycm,dtplndp,-2,,
dtplycm,dtpvh3r,0,,
dtplycm,dtpw12z,0,,
dtplycm,dtpxuyr,1,,
dtpw4wz,dtpwacp,1,,
dtpw4wz,dtpxaen,1,,
dtpw4wz,dtq1zlp,0,,
dtpw4wz,dtq7rb0,1,,
dtpw4wz,dtq804c,1,,
dtpw4wz,dtqd6jk,1,,
dtpw4wz,dtqffu8,1,,
dtpw4wz,dtqfryb,0,,
dtpw4wz,dtqkpxm,1,,
dtpw4wz,dtqm1ea,1,,
dtpw4wz,dtqmaxm,0,,
dtpw4wz,dtqms3k,0,,
dtpw4wz,dtqn9of,-1,,
dtpw4wz,dtpxo3c,1,,
dtpw4wz,dtq1og3,0,,
dtpw4wz,dtq54fi,0,,
dtpw4wz,dtq81e2,1,,
dtpw4wz,dtq92l4,1,,
dtpw4wz,dtq95qg,1,,
dtpw4wz,dtqda11,1,,
dtpw4wz,dtqglc5,0,,
dtpw4wz,dtq9idd,1,,
dtpw4wz,dtqa10u,1,,
dtpw4wz,dtqa42c,1,,
dtpw4wz,dtqa7lk,0,,
dtpw4wz,dtqb6kj,0,,
dtpw4wz,dtqc643,0,,
dtpw4wz,dtqd3tj,0,,
dtpw4wz,dtqdzjf,0,,
dtpw4wz,dtqegfo,0,,
dtpw4wz,dtqezee,0,,
dtpw4wz,dtqfpvw,1,,
dtpw4wz,dtqg70t,-2,,
dtpw4wz,dtqg8f9,-1,,
dtpw4wz,dtqhepa,0,,
dtpw4wz,dtqhnrz,1,,
dtpw4wz,dtqhv9h,1,,
dtpw4wz,dtqhxy0,1,,
dtpw4wz,dtqhzqs,1,,
dtpw4wz,dtqi27i,1,,
dtpw4wz,dtqib61,0,,
dtpw4wz,dtqipr2,1,,
dtpw4wz,dtqjmzj,0,,
dtpw4wz,dtqkte2,0,,
dtpw4wz,dtqle05,1,,
dtpw4wz,dtqlqes,0,,
dtpw4wz,dtqmf1x,1,,
dtpw4wz,dtqmgzt,1,,
dtpw4wz,dtqq2t5,0,,
dtpw4wz,dtqqzbj,1,,
dtpvvlz,dtpvwjt,1,,
dtpvvlz,dtqdisj,0,,
dtpvvlz,dtpvwwt,0,,
dtpvvlz,dtpw2im,0,,
dtpvvlz,dtpxbb7,0,,
dtpvvlz,dtqcu0i,0,,
dtpvvlz,dtqg7of,0,,
dtpvvlz,dtpvxbr,-1,,
dtpvvlz,dtpw155,0,,
dtpvvlz,dtpvxwa,1,,
dtpvvlz,dtpvyrk,0,,
dtpvvlz,dtpvyly,1,,
dtpvvlz,dtpw3qy,1,,
dtpvvlz,dtpw5b6,0,,
dtpvvlz,dtpw5gd,1,,
dtpvvlz,dtpy296,1,,
dtpvvlz,dtpzjlj,1,,
dtpvvlz,dtq2dxi,1,,
dtpvvlz,dtq6ju8,0,,
dtpvvlz,dtq6z6r,1,,
dtpvvlz,dtqh8ql,0,,
dtpvvlz,dtpvys1,0,,
dtpvvlz,dtpvzyr,1,,
dtpvvlz,dtpw0cq,1,,
dtpvvlz,dtpytvn,1,,
dtpvvlz,dtpw160,1,,
dtpvvlz,dtpw40k,1,,
dtpvvlz,dtpw7t0,1,,
dtpvvlz,dtqcixr,1,,
dtpvvlz,dtpwg7a,0,,
dtpvvlz,dtpxdw3,1,,
dtpvvlz,dtq35ji,-1,,
dtpvvlz,dtpxomj,1,,
dtpvvlz,dtpz0r4,1,,
dtpvvlz,dtq2scy,1,,
dtpvvlz,dtq3jn0,1,,
dtpvvlz,dtq5ys1,0,,
dtpvvlz,dtq5zfh,0,,
dtpvvlz,dtq77r8,1,,
dtpvvlz,dtq7igd,0,,
dtpvvlz,dtqaeo9,0,,
dtpvvlz,dtqudg3,0,,
dtpvvlz,dtqur7e,0,,
dtpvvlz,dtra65q,1,,
dtpvvlz,dtrc0ur,1,,
dtpvvlz,dtpvzgm,0,,
dtpvvlz,dtpw7oe,1,,
dtpvvlz,dtpwr74,0,,
dtpvvlz,dtq441l,-2,,
dtpvvlz,dtpyfeq,0,,
dtpzwiz,dtq0oee,1,,
dtpzwiz,dtq0z9m,1,,
dtpzwiz,dtq8gem,0,,
dtpzwiz,dtq9498,1,,
dtpzwiz,dtqa1oh,0,,
dtpzwiz,dtqadkw,1,,
dtpzwiz,dtqawr4,1,,
dtpzwiz,dtqc2zn,1,,
dtpzwiz,dtqd7l4,1,,
dtpzwiz,dtqemcl,1,,
dtpzwiz,dtqf0rx,1,,
dtpzwiz,dtqfi0z,0,,
dtpzwiz,dtqkw71,-2,,
dtpzwiz,dtqmp8v,2,,
dtpzwiz,dtre1ey,0,,
dtpzwiz,dtqavd0,1,,
dtpzwiz,dtqbcqn,1,,
dtpzwiz,dtqfwgp,1,,
dtpzwiz,dtqbu02,1,,
dtpzwiz,dtqeg0f,1,,
dtpzwiz,dtqc6fj,1,,
dtpzwiz,dtqrz42,1,,
dtpzwiz,dtqc8yp,1,,
dtpzwiz,dtqhu6n,1,,
dtpzwiz,dtqce20,1,,
dtpzwiz,dtqcowc,1,,
dtpzwiz,dtqe3zy,1,,
dtpzwiz,dtqf9wg,0,,
dtpzwiz,dtqg5n4,0,,
dtpzwiz,dtqrzru,1,,
dtpzwiz,dtqgaa4,1,,
dtpzwiz,dtqhjsr,0,,
dtpzwiz,dtqgyy6,1,,
dtpzwiz,dtqju5m,1,,
dtpzwiz,dtqkj82,1,,
dtpzwiz,dtqrg54,1,,
dtpzwiz,dtqk2fv,0,,
dtpzwiz,dtqkofb,1,,
dtpzwiz,dtqludo,1,,
dtpzwiz,dtqmrgq,1,,
dtpzwiz,dtqnixz,1,,
dtpzwiz,dtqu096,2,,
dtpzwiz,dtr1xup,1,,
dtpzwiz,dtr6az1,1,,
dtpzwiz,dtr7csl,1,,
dtpzwiz,dtrifxr,1,,
dtpzwiz,dtrujwz,1,,
dtpzwiz,dtq61wf,0,,
dtpzwiz,dtqyq80,0,,
dtpzwiz,dtqm6hg,0,,
dtpw4y0,dtpxswv,-2,,
dtpw4y0,dtq40oq,1,,
dtpw4y0,dtq44bh,1,,
dtpw4y0,dtq4kya,1,,
dtpw4y0,dtq6e7a,1,,
dtpw4y0,dtq7fnw,1,,
dtpw4y0,dtq8h7i,1,,
dtpw4y0,dtq8hp1,0,,
dtpw4y0,dtq9e0k,0,,
dtpw4y0,dtq9gqb,1,,
dtpw4y0,dtq9jrz,1,,
dtpw4y0,dtq9llr,0,,
dtpw4y0,dtq9mmw,1,,
dtpw4y0,dtq9ngp,-1,,
dtpw4y0,dtq9r2o,1,,
dtpw4y0,dtq9wk1,1,,
dtpw4y0,dtq9x2a,1,,
dtpw4y0,dtq9z0v,1,,
dtpw4y0,dtqa5c1,0,,
dtpw4y0,dtqa64h,0,,
dtpw4y0,dtqa9c7,-1,,
dtpw4y0,dtqa9lg,1,,
dtpw4y0,dtqaeiv,1,,
dtpw4y0,dtqah21,1,,
dtpw4y0,dtqahzb,1,,
dtpw4y0,dtqaifu,1,,
dtpw4y0,dtqatlw,0,,
dtpw4y0,dtqayxg,2,,
dtpw4y0,dtqb9wd,1,,
dtpw4y0,dtqbd2f,1,,
dtpw4y0,dtqbehg,0,,
dtpw4y0,dtqbtfr,1,,
dtpw4y0,dtqbuw8,1,,
dtpw4y0,dtqbxrs,1,,
dtpw4y0,dtqbzew,1,,
dtpw4y0,dtqc0h1,-2,,
dtpw4y0,dtqcai4,1,,
dtpw4y0,dtqcdig,-1,,
dtpw4y0,dtqcopn,0,,
dtpw4y0,dtqcsdc,0,,
dtpw4y0,dtqcwto,1,,
dtpw4y0,dtqd0xm,-1,,
dtpw4y0,dtqd2eq,0,,
dtpw4y0,dtqd7m6,0,,
dtpw4y0,dtqdbkf,1,,
dtpw4y0,dtqdn5g,-1,,
dtpw4y0,dtqdpjj,-1,,
dtpw4y0,dtqduir,1,,
dtpw4y0,dtqdujb,0,,
dtpw4y0,dtqe407,0,,
dtq1zls,dtq23bo,1,,
dtq1zls,dtq24rq,2,,
dtq1zls,dtq617y,2,,
dtq1zls,dtq6dqa,2,,
dtq1zls,dtq72sq,1,,
dtq1zls,dtqaxxo,1,,
dtq1zls,dtqbd44,1,,
dtq1zls,dtqcqs5,1,,
dtq1zls,dtqdppc,1,,
dtq1zls,dtqf4u8,0,,
dtq1zls,dtqfu1q,1,,
dtq1zls,dtqg3dz,1,,
dtq1zls,dtqiiek,1,,
dtq1zls,dtqix5p,1,,
dtq1zls,dtqm0vf,1,,
dtq1zls,dtqo13t,1,,
dtq1zls,dtqpv81,0,,
dtq1zls,dtqrc2x,1,,
dtq1zls,dtqs0j9,1,,
dtq1zls,dtqxe3v,0,,
dtq1zls,dtqylpd,-2,,
dtq1zls,dtqzs6m,1,,
dtq1zls,dtr33wn,1,,
dtq1zls,dtr3er4,1,,
dtq1zls,dtr86d6,1,,
dtq1zls,dtrabes,1,,
dtq1zls,dtrcytk,1,,
dtq1zls,dtrepu6,-1,,
dtq1zls,dtrs30c,1,,
dtq1zls,dtr6n6h,0,,
dtq1zls,dtqy5lg,0,,
dtq1zls,dtqgice,1,,
dtq1zls,dtqoa7a,1,,
dtq1zls,dtqaba9,1,,
dtq1zls,dtqo04d,1,,
dtq1zls,dtqv3k5,1,,
dtq1zls,dtqwsol,1,,
dtq1zls,dtqyrgm,1,,
dtq1zls,dtr5ymb,1,,
dtq1zls,dtra73r,1,,
dtq1zls,dtrawit,1,,
dtq1zls,dtrevfd,1,,
dtq1zls,dtrpfh6,1,,
dtq1zls,dttwaue,1,,
dtq1zls,dtuhvmy,1,,
dtq1zls,dtq6ota,0,,
dtq1zls,dtqzuf2,1,,
dtq1zls,dtqqe6l,1,,
dtq1zls,dtqgoye,-1,,
dtq1zls,dtq4728,1,,
dtq3zps,dtq88wq,1,,
dtq3zps,dtqbqhe,1,,
dtq3zps,dtqdrji,1,,
dtq3zps,dtqgdx6,1,,
dtq3zps,dtqhfqz,1,,
dtq3zps,dtqiuac,1,,
dtq3zps,dtqjhay,1,,
dtq3zps,dtqo1dh,-1,,
dtq3zps,dtqo4nl,0,,
dtq3zps,dtqo7qc,1,,
dtq3zps,dtr5oxb,1,,
dtq3zps,dtr5qe9,0,,
dtq3zps,dtr8sjh,-1,,
dtq3zps,dtrap32,-1,,
dtq3zps,dtrcgvl,1,,
dtq3zps,dtrdog5,1,,
dtq3zps,dtrh9j9,1,,
dtq3zps,dtrhzmp,1,,
dtq3zps,dtrlska,1,,
dtq3zps,dtrpmxf,1,,
dtq3zps,dtrrode,1,,
dtq3zps,dtrt4zk,1,,
dtq3zps,dtqgs7u,0,,
dtq3zps,dtqicdc,1,,
dtq3zps,dtqii1r,1,,
dtq3zps,dtql749,1,,
dtq3zps,dtqwd5w,0,,
dtq3zps,dtqzcmy,0,,
dtq3zps,dtr1j2f,0,,
dtq3zps,dtr2l63,1,,
dtq3zps,dtrotbi,1,,
dtq3zps,dtsab3v,0,,
dtq3zps,dtrxq0d,1,,
dtq3zps,dtrli77,0,,
dtq3zps,dtrevlw,0,,
dtq3zps,dtrdm55,1,,
dtq3zps,dtr95um,1,,
dtq3zps,dtqph4c,1,,
dtq3zps,dtqnkyl,1,,
dtq3zps,dtqmful,1,,
dtq3zps,dtqknin,1,,
dtq3zps,dtr9rad,0,,
dtq3zps,dtqr8as,1,,
dtq3zps,dtrvfpy,1,,
dtq3zps,dtq7m6h,-2,,
dtq3zps,dtqegp0,-2,,
dtq3zps,dtqeruz,-2,,
dtq3zps,dtqeruz,-2,,
dtq3zps,dtq5z7h,-2,,
dtq3zps,dtqoh56,-2,,
dtq3zwd,dtq70hi,-2,,
dtq3zwd,dtrv65p,-1,,
dtq3zwd,dtrupuh,1,,
dtq3zwd,dtq6iad,1,,
dtq3zwd,dtqaow9,1,,
dtq3zwd,dtqcm4d,-1,,
dtq3zwd,dtqeiw5,1,,
dtq3zwd,dtqn7pc,1,,
dtq3zwd,dtq8mwg,1,,
dtq3zwd,dtqff17,1,,
dtq3zwd,dtqfmxj,1,,
dtq3zwd,dtqfvsk,1,,
dtq3zwd,dtqgi64,1,,
dtq3zwd,dtqh6bc,0,,
dtq3zwd,dtqmn7m,0,,
dtq3zwd,dtqh409,0,,
dtq3zwd,dtqhgwn,-2,,
dtq3zwd,dtqi1ez,0,,
dtq3zwd,dtqlomv,-1,,
dtq3zwd,dtqn7t9,-1,,
dtq3zwd,dtqnua0,-1,,
dtq3zwd,dtqp5gi,1,,
dtq3zwd,dtqp7zd,0,,
dtq3zwd,dtrg6tm,0,,
dtq3zwd,dtqpva2,1,,
dtq3zwd,dtqqd3r,0,,
dtq3zwd,dtqrclm,0,,
dtq3zwd,dtqrg6k,0,,
dtq3zwd,dtqtp57,0,,
dtq3zwd,dtqttzv,0,,
dtq3zwd,dtqy9aw,1,,
dtq3zwd,dtranej,1,,
dtq3zwd,dtqz2rt,1,,
dtq3zwd,dtqz9il,1,,
dtq3zwd,dtr2ban,1,,
dtq3zwd,dtr3x0d,0,,
dtq3zwd,dtr5g1l,1,,
dtq3zwd,dtr80p2,1,,
dtq3zwd,dtrc6op,-1,,
dtq3zwd,dtri0lf,1,,
dtq3zwd,dtrih82,1,,
dtq3zwd,dtruc3i,1,,
dtq3zwd,dtrv3li,1,,
dtq3zwd,dtrupuh,1,,
dtq3zwd,dttwryz,0,,
dtq3zwd,dtq5l48,1,,
dtq3zwd,dtq5z7h,0,,
dtq3zwd,dtq639k,0,,
dtq3zwd,dtrn4fi,-2,,
dtq3zwd,dtqupo4,-2,,
dtr8i65,dtr9d1h,1,,
dtr8i65,dtr9ly2,1,,
dtr8i65,dtr9naj,1,,
dtr8i65,dtr9zy0,1,,
dtr8i65,dtra7fl,1,,
dtr8i65,dtrale3,0,,
dtr8i65,dtrcmxa,1,,
dtr8i65,dtrdbkm,1,,
dtr8i65,dtrdw3w,1,,
dtr8i65,dtre58t,1,,
dtr8i65,dtreg8z,1,,
dtr8i65,dtrewre,1,,
dtr8i65,dtrfrvy,1,,
dtr8i65,dtrsctm,1,,
dtr8i65,dtrg2ay,1,,
dtr8i65,dtrgxzc,1,,
dtr8i65,dtrh5rd,1,,
dtr8i65,dtricxb,1,,
dtr8i65,dtriszc,1,,
dtr8i65,dtrjvvh,1,,
dtr8i65,dtrlhuj,0,,
dtr8i65,dtrln5a,1,,
dtr8i65,dtrm3yg,1,,
dtr8i65,dtrmm6f,1,,
dtr8i65,dtrnnx4,1,,
dtr8i65,dtrnvah,0,,
dtr8i65,dtror2n,1,,
dtr8i65,dtroy34,1,,
dtr8i65,dtrozps,1,,
dtr8i65,dtrqf09,1,,
dtr8i65,dtrqhr8,1,,
dtr8i65,dtrqiq4,1,,
dtr8i65,dtrr6an,1,,
dtr8i65,dtrs8l2,1,,
dtr8i65,dtrsp64,1,,
dtr8i65,dtrt2h4,1,,
dtr8i65,dtruob3,2,,
dtr8i65,dtrw3h9,1,,
dtr8i65,dtrw6tg,0,,
dtr8i65,dtrwmiz,1,,
dtr8i65,dtrwpdm,1,,
dtr8i65,dtrxosq,1,,
dtr8i65,dtrxy24,1,,
dtr8i65,dtrz298,1,,
dtr8i65,dts01m7,1,,
dtr8i65,dts1j1b,1,,
dtr8i65,dts85lw,1,,
dtr8i65,dtsb75p,1,,
dtr8i65,dtses1f,1,,
dtr8i65,dtsules,-1,,
